CVE_ID,Report,CVSSV3,AttackVector,AttackComplexity,PrivilegesRequired,UserInteraction,Scope,ConfidentialityImpact,IntegrityImpact,AvailabilityImpact
CVE-2008-0176,"Heap-based buffer overflow in w32rtr.exe in GE Fanuc CIMPLICITY HMI SCADA system 7.0 before 7.0 SIM 9, and earlier versions before 6.1 SP6 Hot fix - 010708_162517_6106, allow remote attackers to execute arbitrary code via unknown vectors.",0,l,l,l,l,l,l,l,l
CVE-2010-4597,Stack-based buffer overflow in the save method in the IntegraXor.Project ActiveX control in igcomm.dll in Ecava IntegraXor Human-Machine Interface (HMI) before 3.5.3900.10 allows remote attackers to execute arbitrary code via a long string in the second argument.,0,l,l,l,l,l,l,l,l
CVE-2011-1562,"Ecava IntegraXor HMI before n 3.60 (Build 4032) allows remote attackers to bypass authentication and execute arbitrary SQL statements via unspecified vectors related to a crafted POST request. NOTE: some sources have reported this issue as SQL injection, but this might not be accurate.",0,l,l,l,l,l,l,l,l
CVE-2011-1563,"Multiple stack-based buffer overflows in the HMI application in DATAC RealFlex RealWin 2.1 (Build 6.1.10.10) and earlier allow remote attackers to execute arbitrary code via (1) a long username in an On_FC_CONNECT_FCS_LOGIN packet, and crafted (2) On_FC_CTAGLIST_FCS_CADDTAG, (3) On_FC_CTAGLIST_FCS_CDELTAG, (4) On_FC_CTAGLIST_FCS_ADDTAGMS, (5) On_FC_RFUSER_FCS_LOGIN, (6) unspecified ""On_FC_BINFILE_FCS_*FILE"", (7) On_FC_CGETTAG_FCS_GETTELEMETRY, (8) On_FC_CGETTAG_FCS_GETCHANNELTELEMETRY, (9) On_FC_CGETTAG_FCS_SETTELEMETRY, (10) On_FC_CGETTAG_FCS_SETCHANNELTELEMETRY, and (11) On_FC_SCRIPT_FCS_STARTPROG packets to port 910.",0,l,l,l,l,l,l,l,l
CVE-2011-1564,"Multiple integer overflows in the HMI application in DATAC RealFlex RealWin 2.1 (Build 6.1.10.10) and earlier allow remote attackers to execute arbitrary code via crafted (1) On_FC_MISC_FCS_MSGBROADCAST and (2) On_FC_MISC_FCS_MSGSEND packets, which trigger a heap-based buffer overflow.",0,l,l,l,l,l,l,l,l
CVE-2011-3322,"Core Server HMI Service (Coreservice.exe) in Scadatec Limited Procyon SCADA 1.06, and other versions before 1.14, allows remote attackers to cause a denial of service (crash) and possibly execute arbitrary code via a long password to the Telnet (TCP/23) port, which triggers an out-of-bounds read or write, leading to a stack-based buffer overflow.",0,l,l,l,l,l,l,l,l
CVE-2011-4038,"Cross-site scripting (XSS) vulnerability in Invensys Wonderware HMI Reports 3.42.835.0304 and earlier, as used in Ocean Data Systems Dream Report before 4.0 and other products, allows remote attackers to inject arbitrary web script or HTML via unspecified parameters.",0,l,l,l,l,l,l,l,l
CVE-2011-4039,"Invensys Wonderware HMI Reports 3.42.835.0304 and earlier, as used in Ocean Data Systems Dream Report before 4.0 and other products, allows user-assisted remote attackers to execute arbitrary code via a malformed file that triggers a ""write access violation.""",0,l,l,l,l,l,l,l,l
CVE-2011-4508,"The HMI web server in Siemens WinCC flexible 2004, 2005, 2007, and 2008 before SP3; WinCC V11 (aka TIA portal) before SP2 Update 1; the TP, OP, MP, Comfort Panels, and Mobile Panels SIMATIC HMI panels; WinCC V11 Runtime Advanced; and WinCC flexible Runtime generates predictable authentication tokens for cookies, which makes it easier for remote attackers to bypass authentication via a crafted cookie.",0,l,l,l,l,l,l,l,l
CVE-2011-4509,"The HMI web server in Siemens WinCC flexible 2004, 2005, 2007, and 2008; WinCC V11 (aka TIA portal); the TP, OP, MP, Comfort Panels, and Mobile Panels SIMATIC HMI panels; WinCC V11 Runtime Advanced; and WinCC flexible Runtime has an improperly selected default password for the administrator account, which makes it easier for remote attackers to obtain access via a brute-force approach involving many HTTP requests.",0,l,l,l,l,l,l,l,l
CVE-2011-4510,"Cross-site scripting (XSS) vulnerability in the HMI web server in Siemens WinCC flexible 2004, 2005, 2007, and 2008 before SP3; WinCC V11 (aka TIA portal) before SP2 Update 1; the TP, OP, MP, Comfort Panels, and Mobile Panels SIMATIC HMI panels; WinCC V11 Runtime Advanced; and WinCC flexible Runtime allows remote attackers to inject arbitrary web script or HTML via unspecified vectors, a different vulnerability than CVE-2011-4511.",0,l,l,l,l,l,l,l,l
CVE-2011-4511,"Cross-site scripting (XSS) vulnerability in the HMI web server in Siemens WinCC flexible 2004, 2005, 2007, and 2008 before SP3; WinCC V11 (aka TIA portal) before SP2 Update 1; the TP, OP, MP, Comfort Panels, and Mobile Panels SIMATIC HMI panels; WinCC V11 Runtime Advanced; and WinCC flexible Runtime allows remote attackers to inject arbitrary web script or HTML via unspecified vectors, a different vulnerability than CVE-2011-4510.",0,l,l,l,l,l,l,l,l
CVE-2011-4512,"CRLF injection vulnerability in the HMI web server in Siemens WinCC flexible 2004, 2005, 2007, and 2008 before SP3; WinCC V11 (aka TIA portal) before SP2 Update 1; the TP, OP, MP, Comfort Panels, and Mobile Panels SIMATIC HMI panels; WinCC V11 Runtime Advanced; and WinCC flexible Runtime allows remote attackers to inject arbitrary HTTP headers and conduct HTTP response splitting attacks via unspecified vectors.",0,l,l,l,l,l,l,l,l
CVE-2011-4513,"Siemens WinCC flexible 2004, 2005, 2007, and 2008; WinCC V11 (aka TIA portal); the TP, OP, MP, Comfort Panels, and Mobile Panels SIMATIC HMI panels; WinCC V11 Runtime Advanced; and WinCC flexible Runtime allow user-assisted remote attackers to execute arbitrary code via a crafted project file, related to the HMI web server and runtime loader.",0,l,l,l,l,l,l,l,l
CVE-2011-4514,"The TELNET daemon in Siemens WinCC flexible 2004, 2005, 2007, and 2008; WinCC V11 (aka TIA portal); the TP, OP, MP, Comfort Panels, and Mobile Panels SIMATIC HMI panels; WinCC V11 Runtime Advanced; and WinCC flexible Runtime does not perform authentication, which makes it easier for remote attackers to obtain access via a TCP session.",0,l,l,l,l,l,l,l,l
CVE-2011-4515,"Siemens WinCC (TIA Portal) 11 uses a reversible algorithm for storing HMI web-application passwords in world-readable and world-writable files, which allows local users to obtain sensitive information by leveraging (1) physical access or (2) Sm@rt Server access.",0,l,l,l,l,l,l,l,l
CVE-2011-4875,"Stack-based buffer overflow in HmiLoad in the runtime loader in Siemens WinCC flexible 2004, 2005, 2007, and 2008; WinCC V11 (aka TIA portal); the TP, OP, MP, Comfort Panels, and Mobile Panels SIMATIC HMI panels; WinCC V11 Runtime Advanced; and WinCC flexible Runtime, when Transfer Mode is enabled, allows remote attackers to execute arbitrary code via vectors related to Unicode strings.",0,l,l,l,l,l,l,l,l
CVE-2011-4876,"Directory traversal vulnerability in HmiLoad in the runtime loader in Siemens WinCC flexible 2004, 2005, 2007, and 2008; WinCC V11 (aka TIA portal); the TP, OP, MP, Comfort Panels, and Mobile Panels SIMATIC HMI panels; WinCC V11 Runtime Advanced; and WinCC flexible Runtime, when Transfer Mode is enabled, allows remote attackers to execute, read, create, modify, or delete arbitrary files via a .. (dot dot) in a string.",0,l,l,l,l,l,l,l,l
CVE-2011-4877,"HmiLoad in the runtime loader in Siemens WinCC flexible 2004, 2005, 2007, and 2008; WinCC V11 (aka TIA portal); the TP, OP, MP, Comfort Panels, and Mobile Panels SIMATIC HMI panels; WinCC V11 Runtime Advanced; and WinCC flexible Runtime, when Transfer Mode is enabled, allows remote attackers to cause a denial of service (application crash) by sending crafted data over TCP.",0,l,l,l,l,l,l,l,l
CVE-2011-4878,"Directory traversal vulnerability in miniweb.exe in the HMI web server in Siemens WinCC flexible 2004, 2005, 2007, and 2008 before SP3; WinCC V11 (aka TIA portal) before SP2 Update 1; the TP, OP, MP, Comfort Panels, and Mobile Panels SIMATIC HMI panels; WinCC V11 Runtime Advanced; and WinCC flexible Runtime allows remote attackers to read arbitrary files via a ..%5c (dot dot backslash) in a URI.",0,l,l,l,l,l,l,l,l
CVE-2011-4879,"miniweb.exe in the HMI web server in Siemens WinCC flexible 2004, 2005, 2007, and 2008 before SP3; WinCC V11 (aka TIA portal) before SP2 Update 1; the TP, OP, MP, Comfort Panels, and Mobile Panels SIMATIC HMI panels; WinCC V11 Runtime Advanced; and WinCC flexible Runtime does not properly handle URIs beginning with a 0xfa character, which allows remote attackers to read data from arbitrary memory locations or cause a denial of service (application crash) via a crafted POST request.",0,l,l,l,l,l,l,l,l
CVE-2012-2515,"Multiple stack-based buffer overflows in the KeyHelp.KeyCtrl.1 ActiveX control in KeyHelp.ocx 1.2.312 in KeyWorks KeyHelp Module (aka the HTML Help component), as used in EMC Documentum ApplicationXtender Desktop 5.4; EMC Captiva Quickscan Pro 4.6 SP1; GE Intelligent Platforms Proficy Historian 3.1, 3.5, 4.0, and 4.5; GE Intelligent Platforms Proficy HMI/SCADA iFIX 5.0 and 5.1; GE Intelligent Platforms Proficy Pulse 1.0; GE Intelligent Platforms Proficy Batch Execution 5.6; GE Intelligent Platforms SI7 I/O Driver 7.20 through 7.42; and other products, allow remote attackers to execute arbitrary code via a long string in the second argument to the (1) JumpMappedID or (2) JumpURL method.",0,l,l,l,l,l,l,l,l
CVE-2012-2516,"An ActiveX control in KeyHelp.ocx in KeyWorks KeyHelp Module (aka the HTML Help component), as used in GE Intelligent Platforms Proficy Historian 3.1, 3.5, 4.0, and 4.5; Proficy HMI/SCADA iFIX 5.0 and 5.1; Proficy Pulse 1.0; Proficy Batch Execution 5.6; SI7 I/O Driver 7.20 through 7.42; and other products, allows remote attackers to execute arbitrary commands via crafted input, related to a ""command injection vulnerability.""",0,l,l,l,l,l,l,l,l
CVE-2012-4689,"Integer overflow in CimWebServer.exe in GE Intelligent Platforms Proficy HMI/SCADA - CIMPLICITY 4.01 through 8.0, and Proficy Process Systems with CIMPLICITY, allows remote attackers to cause a denial of service (daemon crash) via a malformed HTTP request.",0,l,l,l,l,l,l,l,l
CVE-2012-4709,"Invensys Wonderware InTouch HMI 2012 R2 and earlier allows remote attackers to read arbitrary files, send HTTP requests to intranet servers, or cause a denial of service (CPU and memory consumption) via an XML document containing an external entity declaration in conjunction with an entity reference, related to an XML External Entity (XXE) issue.",0,l,l,l,l,l,l,l,l
CVE-2013-0653,"Directory traversal vulnerability in substitute.bcl in the WebView CimWeb subsystem in GE Intelligent Platforms Proficy HMI/SCADA - CIMPLICITY 4.01 through 8.0, and Proficy Process Systems with CIMPLICITY, allows remote attackers to read arbitrary files via a crafted packet.",0,l,l,l,l,l,l,l,l
CVE-2013-0654,"CimWebServer in GE Intelligent Platforms Proficy HMI/SCADA - CIMPLICITY 4.01 through 8.0, and Proficy Process Systems with CIMPLICITY, allows remote attackers to execute arbitrary commands or cause a denial of service (daemon crash) via a crafted packet.",0,l,l,l,l,l,l,l,l
CVE-2013-0667,Cross-site scripting (XSS) vulnerability in the HMI web application in Siemens WinCC (TIA Portal) 11 allows remote attackers to inject arbitrary web script or HTML via a crafted URL.,0,l,l,l,l,l,l,l,l
CVE-2013-0668,Multiple cross-site scripting (XSS) vulnerabilities in the HMI web application in Siemens WinCC (TIA Portal) 11 allow remote attackers to inject arbitrary web script or HTML via a crafted URL.,0,l,l,l,l,l,l,l,l
CVE-2013-0669,The HMI web application in Siemens WinCC (TIA Portal) 11 allows remote authenticated users to cause a denial of service (daemon crash) via a crafted HTTP request.,0,l,l,l,l,l,l,l,l
CVE-2013-0670,CRLF injection vulnerability in the HMI web application in Siemens WinCC (TIA Portal) 11 allows remote attackers to inject arbitrary HTTP headers and conduct HTTP response splitting attacks via a crafted URL.,0,l,l,l,l,l,l,l,l
CVE-2013-0671,Directory traversal vulnerability in Siemens WinCC (TIA Portal) 11 allows remote authenticated users to read HMI web-application source code and user-defined scripts via a crafted URL.,0,l,l,l,l,l,l,l,l
CVE-2013-0672,Cross-site scripting (XSS) vulnerability in the HMI web application in Siemens WinCC (TIA Portal) 11 allows remote authenticated users to inject arbitrary web script or HTML via unspecified data.,0,l,l,l,l,l,l,l,l
CVE-2013-2762,"The Schneider Electric Magelis XBT HMI controller has a default password for authentication of configuration uploads, which makes it easier for remote attackers to bypass intended access restrictions via crafted configuration data.",0,l,l,l,l,l,l,l,l
CVE-2013-2785,"Multiple buffer overflows in CimWebServer.exe in the WebView component in GE Intelligent Platforms Proficy HMI/SCADA - CIMPLICITY before 8.0 SIM 27, 8.1 before SIM 25, and 8.2 before SIM 19, and Proficy Process Systems with CIMPLICITY, allow remote attackers to execute arbitrary code via crafted data in packets to TCP port 10212, aka ZDI-CAN-1621 and ZDI-CAN-1624.",0,l,l,l,l,l,l,l,l
CVE-2013-2811,"The (1) Catapult DNP3 I/O driver before 7.2.0.60 and the (2) GE Intelligent Platforms Proficy DNP3 I/O driver before 7.20k, as used in DNPDrv.exe (aka the DNP master station server) in GE Intelligent Platforms Proficy HMI/SCADA - CIMPLICITY and iFIX, allow remote attackers to cause a denial of service (infinite loop) via a crafted DNP3 TCP packet.",0,l,l,l,l,l,l,l,l
CVE-2013-2823,"The (1) Catapult DNP3 I/O driver before 7.2.0.60 and the (2) GE Intelligent Platforms Proficy DNP3 I/O driver before 7.20k, as used in DNPDrv.exe (aka the DNP master station server) in GE Intelligent Platforms Proficy HMI/SCADA - CIMPLICITY and iFIX, allow physically proximate attackers to cause a denial of service (infinite loop) via crafted input over a serial line.",0,l,l,l,l,l,l,l,l
CVE-2013-4911,Cross-site request forgery (CSRF) vulnerability in Siemens WinCC (TIA Portal) 11 and 12 before 12 SP1 allows remote attackers to hijack the authentication of unspecified victims by leveraging improper configuration of SIMATIC HMI panels by the WinCC product.,0,l,l,l,l,l,l,l,l
CVE-2013-4912,Open redirect vulnerability in Siemens WinCC (TIA Portal) 11 and 12 before 12 SP1 allows remote attackers to redirect users to arbitrary web sites and conduct phishing attacks by leveraging improper configuration of SIMATIC HMI panels by the WinCC product.,0,l,l,l,l,l,l,l,l
CVE-2014-0750,"Directory traversal vulnerability in gefebt.exe in the WebView CimWeb components in GE Intelligent Platforms Proficy HMI/SCADA - CIMPLICITY through 8.2 SIM 24, and Proficy Process Systems with CIMPLICITY, allows remote attackers to execute arbitrary code via a crafted HTTP request, aka ZDI-CAN-1622.",0,l,l,l,l,l,l,l,l
CVE-2014-0751,"Directory traversal vulnerability in CimWebServer.exe (aka the WebView component) in GE Intelligent Platforms Proficy HMI/SCADA - CIMPLICITY before 8.2 SIM 24, and Proficy Process Systems with CIMPLICITY, allows remote attackers to execute arbitrary code via a crafted message to TCP port 10212, aka ZDI-CAN-1623.",0,l,l,l,l,l,l,l,l
CVE-2014-2355,The (1) CimView and (2) CimEdit components in GE Proficy HMI/SCADA-CIMPLICITY 8.2 and earlier allow remote attackers to gain privileges via a crafted CIMPLICITY screen (aka .CIM) file.,0,l,l,l,l,l,l,l,l
CVE-2014-2369,"Cross-site request forgery (CSRF) vulnerability in the web application on Omron NS5, NS8, NS10, NS12, and NS15 HMI terminals 8.1xx through 8.68x allows remote authenticated users to hijack the authentication of unspecified victims via unknown vectors.",0,l,l,l,l,l,l,l,l
CVE-2014-2370,"Cross-site scripting (XSS) vulnerability in the web application on Omron NS5, NS8, NS10, NS12, and NS15 HMI terminals 8.1xx through 8.68x allows remote authenticated users to inject arbitrary web script or HTML via crafted data.",0,l,l,l,l,l,l,l,l
CVE-2014-9197,"The Schneider Electric ETG3000 FactoryCast HMI Gateway with firmware before 1.60 IR 04 stores rde.jar under the web root with insufficient access control, which allows remote attackers to obtain sensitive setup and configuration information via a direct request.",0,l,l,l,l,l,l,l,l
CVE-2014-9198,"The FTP server on the Schneider Electric ETG3000 FactoryCast HMI Gateway with firmware through 1.60 IR 04 has hardcoded credentials, which makes it easier for remote attackers to obtain access via an FTP session.",0,l,l,l,l,l,l,l,l
CVE-2015-0997,"Schneider Electric InduSoft Web Studio before 7.1.3.4 SP3 Patch 4 and InTouch Machine Edition 2014 before 7.1.3.4 SP3 Patch 4 provide an HMI user interface that lists all valid usernames, which makes it easier for remote attackers to obtain access via a brute-force password-guessing attack.",0,l,l,l,l,l,l,l,l
CVE-2015-2822,Siemens SIMATIC HMI Comfort Panels before WinCC (TIA Portal) 13 SP1 Upd2 and SIMATIC WinCC Runtime Advanced before WinCC (TIA Portal) 13 SP1 Upd2 allow man-in-the-middle attackers to cause a denial of service via crafted packets on TCP port 102.,0,l,l,l,l,l,l,l,l
CVE-2015-2823,"Siemens SIMATIC HMI Basic Panels 2nd Generation before WinCC (TIA Portal) 13 SP1 Upd2, SIMATIC HMI Comfort Panels before WinCC (TIA Portal) 13 SP1 Upd2, SIMATIC WinCC Runtime Advanced before WinCC (TIA Portal) 13 SP1 Upd2, SIMATIC WinCC Runtime Professional before WinCC (TIA Portal) 13 SP1 Upd2, SIMATIC HMI Basic Panels 1st Generation (WinCC TIA Portal), SIMATIC HMI Mobile Panel 277 (WinCC TIA Portal), SIMATIC HMI Multi Panels (WinCC TIA Portal), and SIMATIC WinCC 7.x before 7.3 Upd4 allow remote attackers to complete authentication by leveraging knowledge of a password hash without knowledge of the associated password.",0,l,l,l,l,l,l,l,l
CVE-2015-3951,"RLE Nova-Wind Turbine HMI devices store cleartext credentials, which allows remote attackers to obtain sensitive information via unspecified vectors.",0,l,l,l,l,l,l,l,l
CVE-2016-10224,"An issue was discovered in Sauter NovaWeb web HMI. The application uses a protection mechanism that relies on the existence or values of a cookie, but it does not properly ensure that the cookie is valid for the associated user.",0,l,l,l,l,l,l,l,l
CVE-2016-2306,The HMI web server in Ecava IntegraXor before 5.0 build 4522 allows remote attackers to obtain sensitive cleartext information by sniffing the network.,0,l,l,l,l,l,l,l,l
CVE-2016-5787,"General Electric (GE) Digital Proficy HMI/SCADA - CIMPLICITY before 8.2 SIM 27 mishandles service DACLs, which allows local users to modify a service configuration via unspecified vectors.",0,l,l,l,l,l,l,l,l
CVE-2016-8366,Webvisit in Phoenix Contact ILC PLCs offers a password macro to protect HMI pages on the PLC against casual or coincidental opening of HMI pages by the user. The password macro can be configured in a way that the password is stored and transferred in clear text.,0,l,l,l,l,l,l,l,l
CVE-2016-8367,"An issue was discovered in Schneider Electric Magelis HMI Magelis GTO Advanced Optimum Panels, all versions, Magelis GTU Universal Panel, all versions, Magelis STO5xx and STU Small panels, all versions, Magelis XBT GH Advanced Hand-held Panels, all versions, Magelis XBT GK Advanced Touchscreen Panels with Keyboard, all versions, Magelis XBT GT Advanced Touchscreen Panels, all versions, and Magelis XBT GTW Advanced Open Touchscreen Panels (Windows XPe). An attacker can open multiple connections to a targeted web server and keep connections open preventing new connections from being made, rendering the web server unavailable during an attack.",0,l,l,l,l,l,l,l,l
CVE-2016-8374,"An issue was discovered in Schneider Electric Magelis HMI Magelis GTO Advanced Optimum Panels, all versions, Magelis GTU Universal Panel, all versions, Magelis STO5xx and STU Small panels, all versions, Magelis XBT GH Advanced Hand-held Panels, all versions, Magelis XBT GK Advanced Touchscreen Panels with Keyboard, all versions, Magelis XBT GT Advanced Touchscreen Panels, all versions, and Magelis XBT GTW Advanced Open Touchscreen Panels (Windows XPe). An attacker may be able to disrupt a targeted web server, resulting in a denial of service because of UNCONTROLLED RESOURCE CONSUMPTION.",0,l,l,l,l,l,l,l,l
CVE-2016-9360,"An issue was discovered in General Electric (GE) Proficy HMI/SCADA iFIX Version 5.8 SIM 13 and prior versions, Proficy HMI/SCADA CIMPLICITY Version 9.0 and prior versions, and Proficy Historian Version 6.0 and prior versions. An attacker may be able to retrieve user passwords if he or she has access to an authenticated session.",0,l,l,l,l,l,l,l,l
CVE-2017-13995,"An Improper Authentication issue was discovered in iniNet Solutions iniNet Webserver, all versions prior to V2.02.0100. The webserver does not properly authenticate users, which may allow a malicious attacker to access sensitive information such as HMI pages or modify PLC variables.",0,l,l,l,l,l,l,l,l
CVE-2017-13997,"A Missing Authentication for Critical Function issue was discovered in Schneider Electric InduSoft Web Studio v8.0 SP2 or prior, and InTouch Machine Edition v8.0 SP2 or prior. InduSoft Web Studio provides the capability for an HMI client to trigger script execution on the server for the purposes of performing customized calculations or actions. A remote malicious entity could bypass the server authentication and trigger the execution of an arbitrary command. The command is executed under high privileges and could lead to a complete compromise of the server.",0,l,l,l,l,l,l,l,l
CVE-2017-13999,A Stack-based Buffer Overflow issue was discovered in WECON LEVI Studio HMI Editor v1.8.1 and prior. Multiple stack-based buffer overflow vulnerabilities have been identified in which the application does not verify string size before copying to memory; the attacker may then be able to crash the application or run arbitrary code.,0,l,l,l,l,l,l,l,l
CVE-2017-14855,"Red Lion HMI panels allow remote attackers to cause a denial of service (software exception) via an HTTP POST request to a long URI that does not exist, as demonstrated by version HMI 2.41 PLC 2.42.",0,l,l,l,l,l,l,l,l
CVE-2017-16717,"A Heap-based Buffer Overflow issue was discovered in WECON LeviStudio HMI. The heap-based buffer overflow vulnerability has been identified, which may allow remote code execution.",0,l,l,l,l,l,l,l,l
CVE-2017-16737,An issue was discovered in WECON Technology LEVI Studio HMI Editor v1.8.29 and prior. A specially-crafted malicious file may be able to cause a heap-based buffer overflow vulnerability when opened by a user.,0,l,l,l,l,l,l,l,l
CVE-2017-16739,"An issue was discovered in WECON Technology LEVI Studio HMI Editor v1.8.29 and prior. Specially-crafted malicious files may be able to cause stack-based buffer overflow vulnerabilities, which may allow remote code execution.",0,l,l,l,l,l,l,l,l
CVE-2017-2681,"Specially crafted PROFINET DCP packets sent on a local Ethernet segment (Layer 2) to an affected product could cause a Denial-of-Service condition of that product. Human interaction is required to recover the system. PROFIBUS interfaces are not affected. This vulnerability affects only SIMATIC HMI Multi Panels and HMI Mobile Panels, and S7-300/S7-400 devices.",0,l,l,l,l,l,l,l,l
CVE-2017-6035,"A Stack-Based Buffer Overflow issue was discovered in Wecon Technologies LEVI Studio HMI Editor before 1.8.1. This vulnerability causes a buffer overflow, which could result in denial of service when a malicious project file is run on the system.",0,l,l,l,l,l,l,l,l
CVE-2017-6037,A Heap-Based Buffer Overflow issue was discovered in Wecon Technologies LEVI Studio HMI Editor before 1.8.1. This vulnerability causes a buffer overflow when a maliciously crafted project file is run by the system.,0,l,l,l,l,l,l,l,l
CVE-2017-6051,"An Uncontrolled Search Path Element issue was discovered in BLF-Tech LLC VisualView HMI Version 9.9.14.0 and prior. The uncontrolled search path element vulnerability has been identified, which may allow an attacker to run a malicious DLL file within the search path resulting in execution of arbitrary code.",0,l,l,l,l,l,l,l,l
CVE-2018-13812,"A vulnerability has been identified in SIMATIC HMI Comfort Panels 4"" - 22"" (All versions < V15 Update 4), SIMATIC HMI Comfort Outdoor Panels 7"" & 15"" (All versions < V15 Update 4), SIMATIC HMI KTP Mobile Panels KTP400F, KTP700, KTP700F, KTP900 and KTP900F (All versions < V15 Update 4), SIMATIC WinCC Runtime Advanced (All versions < V15 Update 4), SIMATIC WinCC Runtime Professional (All versions < V15 Update 4), SIMATIC WinCC (TIA Portal) (All versions < V15 Update 4), SIMATIC HMI Classic Devices (TP/MP/OP/MP Mobile Panel) (All versions). A directory traversal vulnerability could allow to download arbitrary files from the device. The security vulnerability could be exploited by an attacker with network access to the integrated web server. No user interaction and no authentication is required to exploit the vulnerability. The vulnerability impacts the confidentiality of the device. At the time of advisory publication no public exploitation of this security vulnerability was known.",0,l,l,l,l,l,l,l,l
CVE-2018-13813,"A vulnerability has been identified in SIMATIC HMI Comfort Panels 4"" - 22"" (All versions < V15 Update 4), SIMATIC HMI Comfort Outdoor Panels 7"" & 15"" (All versions < V15 Update 4), SIMATIC HMI KTP Mobile Panels KTP400F, KTP700, KTP700F, KTP900 and KTP900F (All versions < V15 Update 4), SIMATIC WinCC Runtime Advanced (All versions < V15 Update 4), SIMATIC WinCC Runtime Professional (All versions < V15 Update 4), SIMATIC WinCC (TIA Portal) (All versions < V15 Update 4), SIMATIC HMI Classic Devices (TP/MP/OP/MP Mobile Panel) (All versions). The webserver of affected HMI devices may allow URL redirections to untrusted websites. An attacker must trick a valid user who is authenticated to the device into clicking on a malicious link to exploit the vulnerability. At the time of advisory publication no public exploitation of this security vulnerability was known.",0,l,l,l,l,l,l,l,l
CVE-2018-13814,"A vulnerability has been identified in SIMATIC HMI Comfort Panels 4"" - 22"" (All versions < V14), SIMATIC HMI Comfort Outdoor Panels 7"" & 15"" (All versions < V14), SIMATIC HMI KTP Mobile Panels KTP400F, KTP700, KTP700F, KTP900 and KTP900F (All versions < V14), SIMATIC WinCC Runtime Advanced (All versions < V14), SIMATIC WinCC Runtime Professional (All versions < V14), SIMATIC WinCC (TIA Portal) (All versions < V14), SIMATIC HMI Classic Devices (TP/MP/OP/MP Mobile Panel) (All versions). The integrated web server (port 80/tcp and port 443/tcp) of the affected devices could allow an attacker to inject HTTP headers. An attacker must trick a valid user who is authenticated to the device into clicking on a malicious link to exploit the vulnerability. At the time of advisory publication no public exploitation of this security vulnerability was known.",0,l,l,l,l,l,l,l,l
CVE-2018-14810,"WECON Technology Co., Ltd. PI Studio HMI versions 4.1.9 and prior and PI Studio versions 4.2.34 and prior parse files and pass invalidated user data to an unsafe method call, which may allow code to be executed in the context of an administrator.",0,l,l,l,l,l,l,l,l
CVE-2018-14814,"WECON Technology PI Studio HMI versions 4.1.9 and prior and PI Studio versions 4.2.34 and prior lacks proper validation of user-supplied data, which may result in a read past the end of an allocated object.",0,l,l,l,l,l,l,l,l
CVE-2018-14818,"WECON Technology Co., Ltd. PI Studio HMI versions 4.1.9 and prior and PI Studio versions 4.2.34 and prior have a stack-based buffer overflow vulnerability which may allow remote code execution.",0,l,l,l,l,l,l,l,l
CVE-2018-17889,"In WECON Technology Co., Ltd. PI Studio HMI versions 4.1.9 and prior and PI Studio versions 4.2.34 and prior when parsing project files, the XMLParser that ships with Wecon PIStudio is vulnerable to a XML external entity injection attack, which may allow sensitive information disclosure.",0,l,l,l,l,l,l,l,l
CVE-2018-17904,"Reliance 4 SCADA/HMI, Version 4.7.3 Update 3 and prior. This vulnerability could allow an unauthorized attacker to inject arbitrary code.",0,l,l,l,l,l,l,l,l
CVE-2018-17914,"InduSoft Web Studio versions prior to 8.1 SP2, and InTouch Edge HMI (formerly InTouch Machine Edition) versions prior to 2017 SP2. This vulnerability could allow an unauthenticated user to remotely execute code with the same privileges as that of the InduSoft Web Studio or InTouch Edge HMI (formerly InTouch Machine Edition) runtime.",0,l,l,l,l,l,l,l,l
CVE-2018-17916,"InduSoft Web Studio versions prior to 8.1 SP2, and InTouch Edge HMI (formerly InTouch Machine Edition) versions prior to 2017 SP2. A remote attacker could send a carefully crafted packet to exploit a stack-based buffer overflow vulnerability during tag, alarm, or event related actions such as read and write, with potential for code to be executed. If InduSoft Web Studio remote communication security was not enabled, or a password was left blank, a remote user could send a carefully crafted packet to invoke an arbitrary process, with potential for code to be executed. The code would be executed under the privileges of the InduSoft Web Studio or InTouch Edge HMI runtime and could lead to a compromise of the InduSoft Web Studio or InTouch Edge HMI server machine.",0,l,l,l,l,l,l,l,l
CVE-2018-19009,Pilz PNOZmulti Configurator prior to version 10.9 allows an authenticated attacker with local access to the system containing the PNOZmulti Configurator software to view sensitive credential data in clear-text. This sensitive data is applicable to only the PMI m107 diag HMI device. An attacker with access to this sensitive data and physical access to the PMI m107 diag can modify data on the HMI device.,0,l,l,l,l,l,l,l,l
CVE-2018-4844,"A vulnerability has been identified in SIMATIC WinCC OA UI for Android (All versions < V3.15.10), SIMATIC WinCC OA UI for iOS (All versions < V3.15.10). Insufficient limitation of CONTROL script capabilities could allow read and write access from one HMI project cache folder to other HMI project cache folders within the app's sandbox on the same mobile device. This includes HMI project cache folders of other configured WinCC OA servers. The security vulnerability could be exploited by an attacker who tricks an app user to connect to an attacker-controlled WinCC OA server. Successful exploitation requires user interaction and read/write access to the app's folder on a mobile device. The vulnerability could allow reading data from and writing data to the app's folder. At the time of advisory publication no public exploitation of this security vulnerability was known. Siemens confirms the security vulnerability and provides mitigations to resolve the security issue.",0,l,l,l,l,l,l,l,l
CVE-2018-7527,"A buffer overflow can be triggered in LeviStudio HMI Editor, Version 1.10 part of Wecon LeviStudioU 1.8.29, and PI Studio HMI Project Programmer, Build: November 11, 2017 and prior by opening a specially crafted file.",0,l,l,l,l,l,l,l,l
CVE-2018-7793,"A Credential Management vulnerability exists in FoxView HMI SCADA (All Foxboro DCS, Foxboro Evo, and IA Series versions prior to Foxboro DCS Control Core Services 9.4 (CCS 9.4) and FoxView 10.5.) which could cause unauthorized disclosure, modification, or disruption in service when the password is modified without permission.",0,l,l,l,l,l,l,l,l
CVE-2018-8833,Heap-based buffer overflow vulnerabilities in Advantech WebAccess HMI Designer 2.1.7.32 and prior caused by processing specially crafted .pm3 files may allow remote code execution.,0,l,l,l,l,l,l,l,l
CVE-2018-8835,Double free vulnerabilities in Advantech WebAccess HMI Designer 2.1.7.32 and prior caused by processing specially crafted .pm3 files may allow remote code execution.,0,l,l,l,l,l,l,l,l
CVE-2018-8837,Processing specially crafted .pm3 files in Advantech WebAccess HMI Designer 2.1.7.32 and prior may cause the system to write outside the intended buffer area and may allow remote code execution.,0,l,l,l,l,l,l,l,l
CVE-2019-10929,"A vulnerability has been identified in SIMATIC CP 1626 (All versions), SIMATIC ET 200SP Open Controller CPU 1515SP PC (incl. SIPLUS variants) (All versions), SIMATIC ET 200SP Open Controller CPU 1515SP PC2 (incl. SIPLUS variants) (All versions <= 20.8), SIMATIC ET200SP (incl. SIPLUS variants) Open Controller CPU 1515SP PC (All versions), SIMATIC ET200SP (incl. SIPLUS variants) Open Controller CPU 1515SP PC2 (All versions), SIMATIC HMI Panel (incl. SIPLUS variants) (All versions), SIMATIC NET PC Software (All versions), SIMATIC S7 PLCSIM Advanced (All versions <= V3.0), SIMATIC S7-1200 CPU family (incl. SIPLUS variants) (All versions <= V4.4), SIMATIC S7-1500 CPU family (incl. related ET200 CPUs and SIPLUS variants), excluding CPU 1518 MFP (and related SIPLUS variant) (All versions <= V2.8.1), SIMATIC S7-1500 CPU family (incl. related ET200 CPUs and SIPLUS variants), excluding CPU 1518-4 PN/DP and CPU 1518 MFP (and related SIPLUS variant) (All versions <= V2.8.1), SIMATIC S7-1500 Software Controller (All versions <= V20.8), SIMATIC STEP 7 (TIA Portal) (All versions < V16), SIMATIC WinCC (TIA Portal) (All versions < V16), SIMATIC WinCC OA (All versions <= 3.15), SIMATIC WinCC Runtime Advanced (All versions), SIMATIC WinCC Runtime Professional (All versions), TIM 1531 IRC (incl. SIPLUS variant) (All versions). An attacker in a Man-in-the-Middle position could potentially modify network traffic exchanged on port 102/tcp to PLCs of the SIMATIC S7-1200, SIMATIC S7-1500 and SIMATIC SoftwareController CPU families, due to certain properties in the calculation used for integrity protection. In order to exploit the vulnerability, an attacker must be able to perform a Man-in-the-Middle attack. The vulnerability could impact the integrity of the communication. No public exploitation of the vulnerability was known at the time of advisory publication.",0,l,l,l,l,l,l,l,l
CVE-2019-10936,"A vulnerability has been identified in Development/Evaluation Kits for PROFINET IO: DK Standard Ethernet Controller, Development/Evaluation Kits for PROFINET IO: EK-ERTEC 200, Development/Evaluation Kits for PROFINET IO: EK-ERTEC 200P, SIMATIC CFU PA, SIMATIC ET 200SP Open Controller CPU 1515SP PC (incl. SIPLUS variants), SIMATIC ET200AL, SIMATIC ET200M (incl. SIPLUS variants), SIMATIC ET200MP IM155-5 PN BA (incl. SIPLUS variants), SIMATIC ET200MP IM155-5 PN HF (incl. SIPLUS variants), SIMATIC ET200MP IM155-5 PN ST (incl. SIPLUS variants), SIMATIC ET200S (incl. SIPLUS variants), SIMATIC ET200SP IM155-6 PN BA (incl. SIPLUS variants), SIMATIC ET200SP IM155-6 PN HA (incl. SIPLUS variants), SIMATIC ET200SP IM155-6 PN HF (incl. SIPLUS variants), SIMATIC ET200SP IM155-6 PN HS (incl. SIPLUS variants), SIMATIC ET200SP IM155-6 PN ST (incl. SIPLUS variants), SIMATIC ET200SP IM155-6 PN/2 HF (incl. SIPLUS variants), SIMATIC ET200SP IM155-6 PN/3 HF (incl. SIPLUS variants), SIMATIC ET200ecoPN (except 6ES7141-6BG00-0BB0, 6ES7141-6BH00-0BB0, 6ES7142-6BG00-0BB0, 6ES7142-6BR00-0BB0, 6S7143-6BH00-0BB0, 6ES7146-6FF00-0AB0, 6ES7148-6JD00-0AB0 and 6ES7148-6JG00-0BB0), SIMATIC ET200pro, SIMATIC HMI Comfort Outdoor Panels 7"" & 15"" (incl. SIPLUS variants), SIMATIC HMI Comfort Panels 4"" - 22"" (incl. SIPLUS variants), SIMATIC HMI KTP Mobile Panels, SIMATIC PN/PN Coupler (incl. SIPLUS NET variants), SIMATIC PROFINET Driver, SIMATIC S7-1200 CPU family (incl. SIPLUS variants), SIMATIC S7-1500 CPU family (incl. related ET200 CPUs and SIPLUS variants), SIMATIC S7-1500 Software Controller, SIMATIC S7-300 CPU family (incl. related ET200 CPUs and SIPLUS variants), SIMATIC S7-400 H V6 CPU family (incl. SIPLUS variants), SIMATIC S7-400 PN/DP V6 and below CPU family (incl. SIPLUS variants), SIMATIC S7-400 PN/DP V7 CPU family (incl. SIPLUS variants), SIMATIC S7-410 V8 CPU family (incl. SIPLUS variants), SIMATIC TDC CP51M1, SIMATIC TDC CPU555, SIMATIC WinAC RTX (F) 2010, SINAMICS DCM, SINAMICS DCP, SINAMICS G110M V4.7 PN Control Unit, SINAMICS G120 V4.7 PN Control Unit (incl. SIPLUS variants), SINAMICS G130 V4.7 Control Unit, SINAMICS G150 Control Unit, SINAMICS GH150 V4.7 Control Unit, SINAMICS GL150 V4.7 Control Unit, SINAMICS GM150 V4.7 Control Unit, SINAMICS S110 Control Unit, SINAMICS S120 V4.7 Control Unit (incl. SIPLUS variants), SINAMICS S150 Control Unit, SINAMICS SL150 V4.7 Control Unit, SINAMICS SM120 V4.7 Control Unit, SINUMERIK 828D, SINUMERIK 840D sl. Affected devices contain a vulnerability that allows an unauthenticated attacker to trigger a denial-of-service condition. The vulnerability can be triggered if a large amount of specially crafted UDP packets are sent to device. The security vulnerability could be exploited by an attacker with network access to the affected systems. Successful exploitation requires no system privileges and no user interaction. An attacker could use the vulnerability to compromise availability of the device. At the time of advisory publication no public exploitation of this security vulnerability was known.",0,l,l,l,l,l,l,l,l
CVE-2019-10961,"In Advantech WebAccess HMI Designer Version 2.1.9.23 and prior, processing specially crafted MCR files lacking proper validation of user supplied data may cause the system to write outside the intended buffer area, allowing remote code execution.",0,l,l,l,l,l,l,l,l
CVE-2019-10995,ABB CP651 HMI products revision BSP UN30 v1.76 and prior implement hidden administrative accounts that are used during the provisioning phase of the HMI interface.,0,l,l,l,l,l,l,l,l
CVE-2019-16899,"In Advantech WebAccess/HMI Designer 2.1.9.31, Data from a Faulting Address controls Code Flow starting at PM_V3!CTagInfoThreadBase::GetNICInfo+0x0000000000512918.",0,l,l,l,l,l,l,l,l
CVE-2019-16900,Advantech WebAccess/HMI Designer 2.1.9.31 has a User Mode Write AV starting at MSVCR90!memcpy+0x000000000000015c.,0,l,l,l,l,l,l,l,l
CVE-2019-16901,Advantech WebAccess/HMI Designer 2.1.9.31 has Exception Handler Chain corruption starting at Unknown Symbol @ 0x0000000000000000 called from ntdll!RtlRaiseStatus+0x00000000000000b4.,0,l,l,l,l,l,l,l,l
CVE-2019-5105,"An exploitable memory corruption vulnerability exists in the Name Service Client functionality of 3S-Smart Software Solutions CODESYS GatewayService. A specially crafted packet can cause a large memcpy, resulting in an access violation and termination of the process. An attacker can send a packet to a device running the GatewayService.exe to trigger this vulnerability. All variants of the CODESYS V3 products in all versions prior V3.5.16.10 containing the CmpRouter or CmpRouterEmbedded component are affected, regardless of the CPU type or operating system: CODESYS Control for BeagleBone, CODESYS Control for emPC-A/iMX6, CODESYS Control for IOT2000, CODESYS Control for Linux, CODESYS Control for PLCnext, CODESYS Control for PFC100, CODESYS Control for PFC200, CODESYS Control for Raspberry Pi, CODESYS Control RTE V3, CODESYS Control RTE V3 (for Beckhoff CX), CODESYS Control Win V3 (also part of the CODESYS Development System setup), CODESYS Control V3 Runtime System Toolkit, CODESYS V3 Embedded Target Visu Toolkit, CODESYS V3 Remote Target Visu Toolkit, CODESYS V3 Safety SIL2, CODESYS Edge Gateway V3, CODESYS Gateway V3, CODESYS HMI V3, CODESYS OPC Server V3, CODESYS PLCHandler SDK, CODESYS V3 Simulation Runtime (part of the CODESYS Development System).",0,l,l,l,l,l,l,l,l
CVE-2019-6543,"AVEVA Software, LLC InduSoft Web Studio prior to Version 8.1 SP3 and InTouch Edge HMI (formerly InTouch Machine Edition) prior to Version 2017 Update. Code is executed under the program runtime privileges, which could lead to the compromise of the machine.",0,l,l,l,l,l,l,l,l
CVE-2019-6545,"AVEVA Software, LLC InduSoft Web Studio prior to Version 8.1 SP3 and InTouch Edge HMI (formerly InTouch Machine Edition) prior to Version 2017 Update. An unauthenticated remote user could use a specially crafted database connection configuration file to execute an arbitrary process on the server machine.",0,l,l,l,l,l,l,l,l
CVE-2019-6568,"A vulnerability has been identified in RFID 181EIP, SIMATIC ET 200SP Open Controller CPU 1515SP PC (incl. SIPLUS variants), SIMATIC ET 200SP Open Controller CPU 1515SP PC2 (incl. SIPLUS variants), SIMATIC HMI Comfort Outdoor Panels 7"" & 15"" (incl. SIPLUS variants), SIMATIC HMI Comfort Panels 4"" - 22"" (incl. SIPLUS variants), SIMATIC HMI KTP Mobile Panels KTP400F, KTP700, KTP700F, KTP900 and KTP900F, SIMATIC IPC DiagMonitor, SIMATIC NET CP 1616 and CP 1604, SIMATIC NET CP 343-1 Advanced (incl. SIPLUS variants), SIMATIC NET CP 443-1 (incl. SIPLUS variants), SIMATIC NET CP 443-1 Advanced (incl. SIPLUS variants), SIMATIC NET CP 443-1 OPC UA, SIMATIC RF182C, SIMATIC RF185C, SIMATIC RF186C, SIMATIC RF188C, SIMATIC RF600 family, SIMATIC S7-1500 CPU family (incl. related ET200 CPUs and SIPLUS variants), SIMATIC S7-1500 Software Controller, SIMATIC S7-300 CPU family (incl. related ET200 CPUs and SIPLUS variants), SIMATIC S7-400 PN/DP V6 and below CPU family (incl. SIPLUS variants), SIMATIC S7-400 PN/DP V7 CPU family (incl. SIPLUS variants), SIMATIC S7-PLCSIM Advanced, SIMATIC Teleservice Adapter IE Advanced, SIMATIC Teleservice Adapter IE Basic, SIMATIC Teleservice Adapter IE Standard, SIMATIC WinAC RTX (F) 2010, SIMATIC WinCC Runtime Advanced, SIMOCODE pro V EIP (incl. SIPLUS variants), SIMOCODE pro V PN (incl. SIPLUS variants), SINAMICS G130 V4.6 Control Unit, SINAMICS G130 V4.7 Control Unit, SINAMICS G130 V4.7 SP1 Control Unit, SINAMICS G130 V4.8 Control Unit, SINAMICS G130 V5.1 Control Unit, SINAMICS G130 V5.1 SP1 Control Unit, SINAMICS G150 V4.6 Control Unit, SINAMICS G150 V4.7 Control Unit, SINAMICS G150 V4.7 SP1 Control Unit, SINAMICS G150 V4.8 Control Unit, SINAMICS G150 V5.1 Control Unit, SINAMICS G150 V5.1 SP1 Control Unit, SINAMICS GH150 V4.7 (Control Unit), SINAMICS GH150 V4.8 (Control Unit), SINAMICS GL150 V4.7 (Control Unit), SINAMICS GL150 V4.8 (Control Unit), SINAMICS GM150 V4.7 (Control Unit), SINAMICS GM150 V4.8 (Control Unit), SINAMICS S120 V4.6 Control Unit (incl. SIPLUS variants), SINAMICS S120 V4.7 Control Unit (incl. SIPLUS variants), SINAMICS S120 V4.7 SP1 Control Unit (incl. SIPLUS variants), SINAMICS S120 V4.8 Control Unit (incl. SIPLUS variants), SINAMICS S120 V5.1 Control Unit (incl. SIPLUS variants), SINAMICS S120 V5.1 SP1 Control Unit (incl. SIPLUS variants), SINAMICS S150 V4.6 Control Unit, SINAMICS S150 V4.7 Control Unit, SINAMICS S150 V4.7 SP1 Control Unit, SINAMICS S150 V4.8 Control Unit, SINAMICS S150 V5.1 Control Unit, SINAMICS S150 V5.1 SP1 Control Unit, SINAMICS S210 V5.1 Control Unit, SINAMICS S210 V5.1 SP1 Control Unit, SINAMICS SL150 V4.7 (Control Unit), SINAMICS SL150 V4.8 (Control Unit), SINAMICS SM120 V4.7 (Control Unit), SINAMICS SM120 V4.8 (Control Unit), SINAMICS SM150 V4.8 (Control Unit), SITOP Manager, SITOP PSU8600, SITOP UPS1600 (incl. SIPLUS variants), TIM 1531 IRC (incl. SIPLUS NET variants). The webserver of the affected devices contains a vulnerability that may lead to a denial-of-service condition. An attacker may cause a denial-of-service situation which leads to a restart of the webserver of the affected device. The security vulnerability could be exploited by an attacker with network access to the affected systems. Successful exploitation requires no system privileges and no user interaction. An attacker could use the vulnerability to compromise availability of the device. At the time of advisory publication no public exploitation of this security vulnerability was known.",0,l,l,l,l,l,l,l,l
CVE-2019-6572,"A vulnerability has been identified in SIMATIC HMI Comfort Panels 4"" - 22"" (All versions < V15.1 Update 1), SIMATIC HMI Comfort Outdoor Panels 7"" & 15"" (All versions < V15.1 Update 1), SIMATIC HMI KTP Mobile Panels KTP400F, KTP700, KTP700F, KTP900 und KTP900F (All versions < V15.1 Update 1), SIMATIC WinCC Runtime Advanced (All versions < V15.1 Update 1), SIMATIC WinCC Runtime Professional (All versions < V15.1 Update 1), SIMATIC WinCC (TIA Portal) (All versions < V15.1 Update 1), SIMATIC HMI Classic Devices (TP/MP/OP/MP Mobile Panel) (All versions). The affected device offered SNMP read and write capacities with a publicly know hardcoded community string. The security vulnerability could be exploited by an attacker with network access to the affected device. Successful exploitation requires no system privileges and no user interaction. An attacker could use the vulnerability to compromise confidentiality and integrity of the affected system. At the time of advisory publication no public exploitation of this security vulnerability was known.",0,l,l,l,l,l,l,l,l
CVE-2019-6575,"A vulnerability has been identified in SIMATIC CP 443-1 OPC UA (All versions), SIMATIC CP443-1 OPC UA (incl. SIPLUS NET variants) (All versions), SIMATIC ET 200 Open Controller CPU 1515SP PC2 (incl. SIPLUS variants) (All versions < V2.7), SIMATIC ET 200SP Open Controller CPU 1515SP PC2 (incl. SIPLUS variants) (All versions < V2.7), SIMATIC HMI Comfort Outdoor Panels 7"" & 15"" (incl. SIPLUS variants) (All versions < V15.1 Upd 4), SIMATIC HMI Comfort Panels 4"" - 22"" (incl. SIPLUS variants) (All versions < V15.1 Upd 4), SIMATIC HMI KTP Mobile Panels KTP400F, KTP700, KTP700F, KTP900 and KTP900F (All versions < V15.1 Upd 4), SIMATIC HMI KTP Mobile Panels KTP400F, KTP700, KTP700F, KTP900 und KTP900F (incl. SIPLUS variants) (All versions < V15.1 Upd 4), SIMATIC IPC DiagMonitor (All versions < V5.1.3), SIMATIC NET PC Software (All versions >= V7.1 < V16), SIMATIC RF188C (All versions < V1.1.0), SIMATIC RF600R (All versions < V3.2.1), SIMATIC S7-1500 CPU family (incl. related ET200 CPUs and SIPLUS variants) (All versions >= V2.5 < V2.6.1), SIMATIC S7-1500 Software Controller (All versions between V2.5 (including) and V2.7 (excluding)), SIMATIC WinCC OA (All versions < V3.15-P018), SIMATIC WinCC Runtime Advanced (All versions < V15.1 Upd 4), SINEC-NMS (All versions < V1.0 SP1), SINEMA Server (All versions < V14 SP2), SINUMERIK OPC UA Server (All versions < V2.1), TeleControl Server Basic (All versions). Specially crafted network packets sent to affected devices on port 4840/tcp could allow an unauthenticated remote attacker to cause a Denial-of-Service condition of the OPC communication or crash the device. The security vulnerability could be exploited by an attacker with network access to the affected systems. Successful exploitation requires no system privileges and no user interaction. An attacker could use the vulnerability to compromise availability of the OPC communication. At the time of advisory publication no public exploitation of this security vulnerability was known.",0,l,l,l,l,l,l,l,l
CVE-2019-6576,"A vulnerability has been identified in SIMATIC HMI Comfort Panels 4"" - 22"" (All versions < V15.1 Update 1), SIMATIC HMI Comfort Outdoor Panels 7"" & 15"" (All versions < V15.1 Update 1), SIMATIC HMI KTP Mobile Panels KTP400F, KTP700, KTP700F, KTP900 und KTP900F (All versions < V15.1 Update 1), SIMATIC WinCC Runtime Advanced (All versions < V15.1 Update 1), SIMATIC WinCC Runtime Professional (All versions < V15.1 Update 1), SIMATIC WinCC (TIA Portal) (All versions < V15.1 Update 1), SIMATIC HMI Classic Devices (TP/MP/OP/MP Mobile Panel) (All versions). An attacker with network access to affected devices could potentially obtain a TLS session key. If the attacker is able to observe TLS traffic between a legitimate user and the device, then the attacker could decrypt the TLS traffic. The security vulnerability could be exploited by an attacker who has network access to the web interface of the device and who is able to observe TLS traffic between legitimate users and the web interface of the affected device. The vulnerability could impact the confidentiality of the communication between the affected device and a legitimate user. At the time of advisory publication no public exploitation of the security vulnerability was known.",0,l,l,l,l,l,l,l,l
CVE-2019-6577,"A vulnerability has been identified in SIMATIC HMI Comfort Panels 4"" - 22"" (All versions < V15.1 Update 1), SIMATIC HMI Comfort Outdoor Panels 7"" & 15"" (All versions < V15.1 Update 1), SIMATIC HMI KTP Mobile Panels KTP400F, KTP700, KTP700F, KTP900 und KTP900F (All versions < V15.1 Update 1), SIMATIC WinCC Runtime Advanced (All versions < V15.1 Update 1), SIMATIC WinCC Runtime Professional (All versions < V15.1 Update 1), SIMATIC WinCC (TIA Portal) (All versions < V15.1 Update 1), SIMATIC HMI Classic Devices (TP/MP/OP/MP Mobile Panel) (All versions). The integrated web server could allow Cross-Site Scripting (XSS) attacks if an attacker is able to modify particular parts of the device configuration via SNMP. The security vulnerability could be exploited by an attacker with network access to the affected system. Successful exploitation requires system privileges and user interaction. An attacker could use the vulnerability to compromise confidentiality and the integrity of the affected system. At the stage of publishing this security advisory no public exploitation is known.",0,l,l,l,l,l,l,l,l
CVE-2019-6833,"A CWE-754 â€“ Improper Check for Unusual or Exceptional Conditions vulnerability exists in Magelis HMI Panels (all versions of - HMIGTO, HMISTO, XBTGH, HMIGTU, HMIGTUX, HMISCU, HMISTU, XBTGT, XBTGT, HMIGXO, HMIGXU), which could cause a temporary freeze of the HMI when a high rate of frames is received. When the attack stops, the buffered commands are processed by the HMI panel.",0,l,l,l,l,l,l,l,l
CVE-2019-7225,"The ABB HMI components implement hidden administrative accounts that are used during the provisioning phase of the HMI interface. These credentials allow the provisioning tool ""Panel Builder 600"" to flash a new interface and Tags (MODBUS coils) mapping to the HMI. These credentials are the idal123 password for the IdalMaster account, and the exor password for the exor account. These credentials are used over both HTTP(S) and FTP. There is no option to disable or change these undocumented credentials. An attacker can use these credentials to login to ABB HMI to read/write HMI configuration files and also to reset the device. This affects ABB CP635 HMI, CP600 HMIClient, Panel Builder 600, IDAL FTP server, IDAL HTTP server, and multiple other HMI components.",0,l,l,l,l,l,l,l,l
CVE-2019-7229,"The ABB CP635 HMI uses two different transmission methods to upgrade its firmware and its software components: ""Utilization of USB/SD Card to flash the device"" and ""Remote provisioning process via ABB Panel Builder 600 over FTP."" Neither of these transmission methods implements any form of encryption or authenticity checks against the new firmware HMI software binary files.",0,l,l,l,l,l,l,l,l
CVE-2019-9013,"An issue was discovered in 3S-Smart CODESYS V3 products. The application may utilize non-TLS based encryption, which results in user credentials being insufficiently protected during transport. All variants of the following CODESYS V3 products in all versions containing the CmpUserMgr component are affected regardless of the CPU type or operating system: CODESYS Control for BeagleBone, CODESYS Control for emPC-A/iMX6, CODESYS Control for IOT2000, CODESYS Control for Linux, CODESYS Control for PFC100, CODESYS Control for PFC200, CODESYS Control for Raspberry Pi, CODESYS Control RTE V3, CODESYS Control RTE V3 (for Beckhoff CX), CODESYS Control Win V3 (also part of the CODESYS Development System setup), CODESYS V3 Simulation Runtime (part of the CODESYS Development System), CODESYS Control V3 Runtime System Toolkit, CODESYS HMI V3.",0,l,l,l,l,l,l,l,l
CVE-2020-10918,This vulnerability allows remote attackers to bypass authentication on affected installations of C-MORE HMI EA9 Firmware version 6.52 touch screen panels. Authentication is not required to exploit this vulnerability. The specific flaw exists within the authentication mechanism. The issue is due to insufficient authentication on post-authentication requests. An attacker can leverage this vulnerability to escalate privileges to resources normally protected from unauthenticated users. Was ZDI-CAN-10182.,0,l,l,l,l,l,l,l,l
CVE-2020-10919,"This vulnerability allows remote attackers to disclose sensitive information on affected installations of C-MORE HMI EA9 Firmware version 6.52 touch screen panels. Authentication is not required to exploit this vulnerability. The specific flaw exists within the handling of passwords. When transmitting passwords, the process encrypts them in a recoverable format using a hard-coded key. An attacker can leverage this vulnerability to disclose credentials, leading to further compromise. Was ZDI-CAN-10185.",0,l,l,l,l,l,l,l,l
CVE-2020-10920,"This vulnerability allows remote attackers to execute arbitrary code on affected installations of C-MORE HMI EA9 Firmware version 6.52 touch screen panels. Authentication is not required to exploit this vulnerability. The specific flaw exists within the control service, which listens on TCP port 9999 by default. The issue results from the lack of authentication prior to allowing alterations to the system configuration. An attacker can leverage this vulnerability to execute code in the context of the device. Was ZDI-CAN-10493.",0,l,l,l,l,l,l,l,l
CVE-2020-10921,This vulnerability allows remote attackers to issue commands on affected installations of C-MORE HMI EA9 Firmware version 6.52 touch screen panels. Authentication is not required to exploit this vulnerability. The specific flaw exists within the EA-HTTP.exe process. The issue results from the lack of authentication prior to allowing alterations to the system configuration. An attacker can leverage this vulnerability to issue commands to the physical equipment controlled by the device. Was ZDI-CAN-10482.,0,l,l,l,l,l,l,l,l
CVE-2020-10922,This vulnerability allows remote attackers to create a denial-of-service condition on affected installations of C-MORE HMI EA9 Firmware version 6.52 touch screen panels. Authentication is not required to exploit this vulnerability. The specific flaw exists within the EA-HTTP.exe process. The issue results from the lack of proper input validation prior to further processing user requests. An attacker can leverage this vulnerability to create a denial-of-service condition on the system. Was ZDI-CAN-10527.,0,l,l,l,l,l,l,l,l
CVE-2020-15786,"A vulnerability has been identified in SIMATIC HMI Basic Panels 2nd Generation (incl. SIPLUS variants) (All versions >= V14), SIMATIC HMI Comfort Panels (incl. SIPLUS variants) (All versions), SIMATIC HMI Mobile Panels (All versions), SIMATIC HMI Unified Comfort Panels (All versions). Affected devices insufficiently block excessive authentication attempts. This could allow a remote attacker to discover user passwords and obtain access to the Sm@rt Server via a brute-force attack.",0,l,l,l,l,l,l,l,l
CVE-2020-15787,A vulnerability has been identified in SIMATIC HMI Unified Comfort Panels (All versions). Affected devices insufficiently validate authentication attempts as the information given can be truncated to match only a set number of characters versus the whole provided string. This could allow a remote attacker to discover user passwords and obtain access to the Sm@rt Server via a brute-force attack.,0,l,l,l,l,l,l,l,l
CVE-2020-15798,"A vulnerability has been identified in SIMATIC HMI Comfort Panels (incl. SIPLUS variants) (All versions < V16 Update 3a), SIMATIC HMI KTP Mobile Panels (All versions < V16 Update 3a). Affected devices with enabled telnet service do not require authentication for this service. This could allow a remote attacker to gain full access to the device. (ZDI-CAN-12046)",0,l,l,l,l,l,l,l,l
CVE-2020-16207,"Advantech WebAccess HMI Designer, Versions 2.1.9.31 and prior. Multiple heap-based buffer overflow vulnerabilities may be exploited by opening specially crafted project files that may overflow the heap, which may allow remote code execution, disclosure/modification of information, or cause the application to crash.",0,l,l,l,l,l,l,l,l
CVE-2020-16211,"Advantech WebAccess HMI Designer, Versions 2.1.9.31 and prior. An out-of-bounds read vulnerability may be exploited by processing specially crafted project files, which may allow an attacker to read information.",0,l,l,l,l,l,l,l,l
CVE-2020-16213,"Advantech WebAccess HMI Designer, Versions 2.1.9.31 and prior. Processing specially crafted project files lacking proper validation of user supplied data may cause the system to write outside the intended buffer area, which may allow remote code execution, disclosure/modification of information, or cause the application to crash.",0,l,l,l,l,l,l,l,l
CVE-2020-16215,"Advantech WebAccess HMI Designer, Versions 2.1.9.31 and prior. Processing specially crafted project files lacking proper validation of user supplied data may cause a stack-based buffer overflow, which may allow remote code execution, disclosure/modification of information, or cause the application to crash.",0,l,l,l,l,l,l,l,l
CVE-2020-16217,"Advantech WebAccess HMI Designer, Versions 2.1.9.31 and prior. A double free vulnerability caused by processing specially crafted project files may allow remote code execution, disclosure/modification of information, or cause the application to crash.",0,l,l,l,l,l,l,l,l
CVE-2020-16229,"Advantech WebAccess HMI Designer, Versions 2.1.9.31 and prior. Processing specially crafted project files lacking proper validation of user supplied data may cause a type confusion condition, which may allow remote code execution, disclosure/modification of information, or cause the application to crash.",0,l,l,l,l,l,l,l,l
CVE-2020-28221,A CWE-20: Improper Input Validation vulnerability exists in EcoStruxureâ„¢ Operator Terminal Expert and Pro-face BLUE (version details in the notification) that could cause arbitrary code execution when the Ethernet Download feature is enable on the HMI.,0,l,l,l,l,l,l,l,l
CVE-2020-6992,"A local privilege escalation vulnerability has been identified in the GE Digital CIMPLICITY HMI/SCADA product v10.0 and prior. If exploited, this vulnerability could allow an adversary to modify the system, leading to the arbitrary execution of code. This vulnerability is only exploitable if an attacker has access to an authenticated session. GE Digital CIMPLICITY v11.0, released January 2020, contains mitigation for this local privilege escalation vulnerability. GE Digital recommends all users upgrade to GE CIMPLICITY v11.0 or newer.",0,l,l,l,l,l,l,l,l
CVE-2020-7000,"VISAM VBASE Editor version 11.5.0.2 and VBASE Web-Remote Module may allow an unauthenticated attacker to discover the cryptographic key from the web server and gain information about the login and the encryption/decryption mechanism, which may be exploited to bypass authentication of the HTML5 HMI web interface.",0,l,l,l,l,l,l,l,l
CVE-2020-7052,"CODESYS Control V3, Gateway V3, and HMI V3 before 3.5.15.30 allow uncontrolled memory allocation which can result in a remote denial of service condition.",0,l,l,l,l,l,l,l,l
CVE-2020-7592,"A vulnerability has been identified in SIMATIC HMI Basic Panels 1st Generation (incl. SIPLUS variants) (All versions), SIMATIC HMI Basic Panels 2nd Generation (incl. SIPLUS variants) (All versions), SIMATIC HMI Comfort Panels (incl. SIPLUS variants) (All versions), SIMATIC HMI KTP700F Mobile Arctic (All versions), SIMATIC HMI Mobile Panels 2nd Generation (All versions), SIMATIC WinCC Runtime Advanced (All versions). Unencrypted communication between the configuration software and the respective device could allow an attacker to capture potential plain text communication and have access to sensitive information.",0,l,l,l,l,l,l,l,l
CVE-2020-8471,"For the Central Licensing Server component used in ABB products ABB Abilityâ„¢ System 800xA and related system extensions versions 5.1, 6.0 and 6.1, Compact HMI versions 5.1 and 6.0, Control Builder Safe 1.0, 1.1 and 2.0, Symphony Plus -S+ Operations 3.0 to 3.2 Symphony Plus -S+ Engineering 1.1 to 2.2, Composer Harmony 5.1, 6.0 and 6.1, Melody Composer 5.3, 6.1/6.2 and SPE for Melody 1.0SPx (Composer 6.3), Harmony OPC Server (HAOPC) Standalone 6.0, 6.1 and 7.0, ABB Abilityâ„¢ System 800xA/ AdvantÂ® OCS Control Builder A 1.3 and 1.4, AdvantÂ® OCS AC100 OPC Server 5.1, 6.0 and 6.1, Composer CTK 6.1 and 6.2, AdvaBuild 3.7 SP1 and SP2, OPCServer for MOD 300 (non-800xA) 1.4, OPC Data Link 2.1 and 2.2, Knowledge Manager 8.0, 9.0 and 9.1, Manufacturing Operations Management 1812 and 1909, weak file permissions allow an authenticated attacker to block the license handling, escalate his/her privileges and execute arbitrary code.",0,l,l,l,l,l,l,l,l
CVE-2020-8475,"For the Central Licensing Server component used in ABB products ABB Abilityâ„¢ System 800xA and related system extensions versions 5.1, 6.0 and 6.1, Compact HMI versions 5.1 and 6.0, Control Builder Safe 1.0, 1.1 and 2.0, Symphony Plus -S+ Operations 3.0 to 3.2 Symphony Plus -S+ Engineering 1.1 to 2.2, Composer Harmony 5.1, 6.0 and 6.1, Melody Composer 5.3, 6.1/6.2 and SPE for Melody 1.0SPx (Composer 6.3), Harmony OPC Server (HAOPC) Standalone 6.0, 6.1 and 7.0, ABB Abilityâ„¢ System 800xA/ AdvantÂ® OCS Control Builder A 1.3 and 1.4, AdvantÂ® OCS AC100 OPC Server 5.1, 6.0 and 6.1, Composer CTK 6.1 and 6.2, AdvaBuild 3.7 SP1 and SP2, OPCServer for MOD 300 (non-800xA) 1.4, OPC Data Link 2.1 and 2.2, Knowledge Manager 8.0, 9.0 and 9.1, Manufacturing Operations Management 1812 and 1909, a weakness in validation of input exists that allows an attacker to block license handling by sending specially crafted messages to the CLS web service.",0,l,l,l,l,l,l,l,l
CVE-2020-8476,"For the Central Licensing Server component used in ABB products ABB Abilityâ„¢ System 800xA and related system extensions versions 5.1, 6.0 and 6.1, Compact HMI versions 5.1 and 6.0, Control Builder Safe 1.0, 1.1 and 2.0, Symphony Plus -S+ Operations 3.0 to 3.2 Symphony Plus -S+ Engineering 1.1 to 2.2, Composer Harmony 5.1, 6.0 and 6.1, Melody Composer 5.3, 6.1/6.2 and SPE for Melody 1.0SPx (Composer 6.3), Harmony OPC Server (HAOPC) Standalone 6.0, 6.1 and 7.0, ABB Abilityâ„¢ System 800xA/ AdvantÂ® OCS Control Builder A 1.3 and 1.4, AdvantÂ® OCS AC100 OPC Server 5.1, 6.0 and 6.1, Composer CTK 6.1 and 6.2, AdvaBuild 3.7 SP1 and SP2, OPCServer for MOD 300 (non-800xA) 1.4, OPC Data Link 2.1 and 2.2, Knowledge Manager 8.0, 9.0 and 9.1, Manufacturing Operations Management 1812 and 1909, a weakness in validation of input exists that allows an attacker to alter licenses assigned to the system nodes by sending specially crafted messages to the CLS web service.",0,l,l,l,l,l,l,l,l
CVE-2020-8479,"For the Central Licensing Server component used in ABB products ABB Abilityâ„¢ System 800xA and related system extensions versions 5.1, 6.0 and 6.1, Compact HMI versions 5.1 and 6.0, Control Builder Safe 1.0, 1.1 and 2.0, Symphony Plus -S+ Operations 3.0 to 3.2 Symphony Plus -S+ Engineering 1.1 to 2.2, Composer Harmony 5.1, 6.0 and 6.1, Melody Composer 5.3, 6.1/6.2 and SPE for Melody 1.0SPx (Composer 6.3), Harmony OPC Server (HAOPC) Standalone 6.0, 6.1 and 7.0, ABB Abilityâ„¢ System 800xA/ AdvantÂ® OCS Control Builder A 1.3 and 1.4, AdvantÂ® OCS AC100 OPC Server 5.1, 6.0 and 6.1, Composer CTK 6.1 and 6.2, AdvaBuild 3.7 SP1 and SP2, OPCServer for MOD 300 (non-800xA) 1.4, OPC Data Link 2.1 and 2.2, Knowledge Manager 8.0, 9.0 and 9.1, Manufacturing Operations Management 1812 and 1909, an XML External Entity Injection vulnerability exists that allows an attacker to read or call arbitrary files from the license server and/or from the network and also block the license handling.",0,l,l,l,l,l,l,l,l
CVE-2020-8481,"For ABB products ABB Abilityâ„¢ System 800xA and related system extensions versions 5.1, 6.0 and 6.1, Compact HMI versions 5.1 and 6.0, Control Builder Safe 1.0, 1.1 and 2.0, Symphony Plus -S+ Operations 3.0 to 3.2 Symphony Plus -S+ Engineering 1.1 to 2.2, Composer Harmony 5.1, 6.0 and 6.1, Melody Composer 5.3, 6.1/6.2 and SPE for Melody 1.0SPx (Composer 6.3), Harmony OPC Server (HAOPC) Standalone 6.0, 6.1 and 7.0, ABB Abilityâ„¢ System 800xA/ AdvantÂ® OCS Control Builder A 1.3 and 1.4, AdvantÂ® OCS AC100 OPC Server 5.1, 6.0 and 6.1, Composer CTK 6.1 and 6.2, AdvaBuild 3.7 SP1 and SP2, OPCServer for MOD 300 (non-800xA) 1.4, OPC Data Link 2.1 and 2.2, Knowledge Manager 8.0, 9.0 and 9.1, Manufacturing Operations Management 1812 and 1909, confidential data is written in an unprotected file. An attacker who successfully exploited this vulnerability could take full control of the computer.",0,l,l,l,l,l,l,l,l
